member_id,plan,renewal_month,reminder_sent,renewed
BK-10027,family,2026-04,1,1
BK-10070,starter5,2026-04,0,1
BK-10273,office,2026-04,1,1
BK-10986,family,2026-04,1,1
BK-11304,athlete,2026-04,1,1
BK-11634,office,2026-04,1,1
BK-11675,campus,2026-04,1,1
BK-11748,starter5,2026-04,1,1
BK-12071,classic10,2026-04,1,0
BK-12156,campus,2026-04,0,0
BK-12411,family,2026-04,1,1
BK-12706,starter5,2026-04,0,0
BK-13215,campus,2026-04,1,1
BK-13484,athlete,2026-04,0,1
BK-13899,office,2026-04,1,1
BK-15559,family,2026-04,1,1
BK-15762,starter5,2026-04,1,1
BK-16558,starter5,2026-04,1,1
BK-17282,classic10,2026-04,0,0
BK-17840,campus,2026-04,0,0
BK-18131,classic10,2026-04,0,0
BK-18731,campus,2026-04,1,1
BK-18754,athlete,2026-04,0,0
BK-19095,campus,2026-04,0,0
BK-19195,classic10,2026-04,1,1
BK-19832,campus,2026-04,1,1
BK-20587,campus,2026-04,0,0
BK-20639,classic10,2026-04,1,0
BK-20956,family,2026-04,0,1
BK-21213,classic10,2026-04,1,0
BK-21350,classic10,2026-04,1,1
BK-23048,family,2026-04,1,0
BK-23175,campus,2026-04,0,1
BK-23289,starter5,2026-04,1,1
BK-23297,office,2026-04,1,1
BK-23476,classic10,2026-04,0,0
BK-23523,starter5,2026-04,1,1
BK-23870,classic10,2026-04,1,1
BK-24329,campus,2026-04,0,0
BK-24880,athlete,2026-04,0,0
BK-25183,athlete,2026-04,0,1
BK-25216,campus,2026-04,1,1
BK-25363,campus,2026-04,0,1
BK-25464,classic10,2026-04,1,1
BK-26209,family,2026-04,1,1
BK-26235,office,2026-04,1,0
BK-27158,campus,2026-04,1,1
BK-27166,starter5,2026-04,1,1
BK-28848,starter5,2026-04,1,1
BK-28939,family,2026-04,1,0
BK-29267,starter5,2026-04,1,1
BK-29540,campus,2026-04,0,1
BK-29553,classic10,2026-04,1,0
BK-30037,classic10,2026-04,0,1
BK-30452,family,2026-04,1,0
BK-31447,starter5,2026-04,0,1
BK-31511,starter5,2026-04,1,1
BK-31740,athlete,2026-04,1,0
BK-32874,campus,2026-04,0,0
BK-33421,classic10,2026-04,1,1
BK-33472,office,2026-04,1,1
BK-34010,office,2026-04,1,1
BK-34019,starter5,2026-04,1,1
BK-34046,starter5,2026-04,1,1
BK-34294,family,2026-04,1,0
BK-34322,starter5,2026-04,0,1
BK-34324,campus,2026-04,1,1
BK-34590,office,2026-04,0,0
BK-34813,starter5,2026-04,1,1
BK-35948,campus,2026-04,0,0
BK-35971,classic10,2026-04,1,1
BK-36907,office,2026-04,1,0
BK-37370,starter5,2026-04,0,0
BK-38413,starter5,2026-04,1,0
BK-38852,classic10,2026-04,1,1
BK-39222,starter5,2026-04,0,0
BK-39662,classic10,2026-04,0,1
BK-40344,family,2026-04,1,1
BK-40618,classic10,2026-04,1,1
BK-40909,classic10,2026-04,1,0
BK-41461,office,2026-04,1,1
BK-41585,campus,2026-04,0,0
BK-41606,classic10,2026-04,1,0
BK-41964,campus,2026-04,0,0
BK-42633,starter5,2026-04,1,1
BK-43157,office,2026-04,1,1
BK-43452,campus,2026-04,0,0
BK-43585,family,2026-04,1,1
BK-43589,campus,2026-04,0,0
BK-43678,classic10,2026-04,0,0
BK-44528,family,2026-04,1,1
BK-44763,classic10,2026-04,1,0
BK-45631,starter5,2026-04,1,1
BK-45804,starter5,2026-04,1,1
BK-45816,athlete,2026-04,1,0
BK-46094,campus,2026-04,1,1
BK-46120,athlete,2026-04,1,1
BK-46253,athlete,2026-04,1,1
BK-46424,athlete,2026-04,0,0
BK-47121,campus,2026-04,0,0
BK-47479,office,2026-04,1,1
BK-47753,office,2026-04,1,0
BK-48054,campus,2026-04,0,1
BK-48101,starter5,2026-04,1,1
BK-48382,classic10,2026-04,1,1
BK-49122,campus,2026-04,0,0
BK-49272,athlete,2026-04,0,1
BK-49532,office,2026-04,1,1
BK-49713,classic10,2026-04,1,0
BK-50155,classic10,2026-04,1,1
BK-50181,starter5,2026-04,1,1
BK-50257,campus,2026-04,0,0
BK-51001,campus,2026-04,0,0
BK-51007,family,2026-04,1,1
BK-51175,starter5,2026-04,1,1
BK-51382,family,2026-04,1,1
BK-51898,starter5,2026-04,1,1
BK-52072,campus,2026-04,0,0
BK-52177,family,2026-04,0,1
BK-52329,family,2026-04,1,0
BK-52458,athlete,2026-04,1,0
BK-52538,classic10,2026-04,0,1
BK-52560,starter5,2026-04,1,1
BK-52654,starter5,2026-04,1,1
BK-52685,office,2026-04,1,0
BK-52709,athlete,2026-04,1,0
BK-52914,family,2026-04,1,0
BK-53163,starter5,2026-04,1,0
BK-53753,athlete,2026-04,0,0
BK-53935,classic10,2026-04,0,1
BK-54188,family,2026-04,1,1
BK-54320,campus,2026-04,0,1
BK-54761,campus,2026-04,1,1
BK-54824,athlete,2026-04,0,1
BK-54991,athlete,2026-04,1,1
BK-55589,campus,2026-04,1,1
BK-56059,office,2026-04,1,1
BK-56086,campus,2026-04,1,1
BK-56152,starter5,2026-04,1,1
BK-56715,office,2026-04,1,1
BK-57132,athlete,2026-04,0,1
BK-57143,classic10,2026-04,1,0
BK-57956,starter5,2026-04,0,1
BK-58063,family,2026-04,1,1
BK-58072,family,2026-04,1,1
BK-58203,family,2026-04,1,0
BK-58589,classic10,2026-04,1,1
BK-58723,office,2026-04,1,1
BK-58735,classic10,2026-04,1,1
BK-58743,campus,2026-04,0,0
BK-59104,campus,2026-04,0,0
BK-59377,campus,2026-04,1,1
BK-59672,athlete,2026-04,1,1
BK-59695,athlete,2026-04,1,1
BK-59812,starter5,2026-04,0,0
BK-60152,starter5,2026-04,1,1
BK-60727,athlete,2026-04,1,1
BK-61214,starter5,2026-04,0,0
BK-61311,classic10,2026-04,0,1
BK-61470,starter5,2026-04,1,1
BK-61478,family,2026-04,1,1
BK-61480,athlete,2026-04,1,1
BK-62640,family,2026-04,1,1
BK-62782,classic10,2026-04,0,0
BK-63170,athlete,2026-04,0,0
BK-63671,classic10,2026-04,1,1
BK-63811,athlete,2026-04,1,0
BK-63871,starter5,2026-04,1,1
BK-64476,starter5,2026-04,1,1
BK-65554,starter5,2026-04,1,1
BK-68092,family,2026-04,1,1
BK-68425,athlete,2026-04,0,0
BK-68729,starter5,2026-04,1,1
BK-68769,family,2026-04,1,1
BK-68850,office,2026-04,1,1
BK-69144,starter5,2026-04,1,1
BK-69508,starter5,2026-04,1,1
BK-69762,classic10,2026-04,0,1
BK-70147,classic10,2026-04,0,1
BK-70839,office,2026-04,1,1
BK-71309,classic10,2026-04,0,0
BK-71596,athlete,2026-04,1,1
BK-73169,office,2026-04,1,1
BK-73464,athlete,2026-04,0,0
BK-73774,classic10,2026-04,0,1
BK-74058,athlete,2026-04,0,0
BK-74103,starter5,2026-04,1,1
BK-74222,classic10,2026-04,1,1
BK-74533,family,2026-04,1,1
BK-74712,classic10,2026-04,1,1
BK-75134,starter5,2026-04,1,1
BK-76179,starter5,2026-04,1,0
BK-76483,starter5,2026-04,1,0
BK-76488,office,2026-04,1,1
BK-76656,athlete,2026-04,1,1
BK-77217,family,2026-04,1,1
BK-77408,athlete,2026-04,0,1
BK-77634,campus,2026-04,1,1
BK-77950,classic10,2026-04,1,1
BK-78160,campus,2026-04,0,1
BK-78192,office,2026-04,1,1
BK-78221,starter5,2026-04,0,0
BK-78278,office,2026-04,1,0
BK-78283,family,2026-04,1,0
BK-78321,family,2026-04,1,1
BK-78345,office,2026-04,1,1
BK-78639,starter5,2026-04,1,1
BK-79049,starter5,2026-04,0,0
BK-79111,office,2026-04,1,1
BK-79113,campus,2026-04,0,0
BK-79404,campus,2026-04,1,1
BK-79461,starter5,2026-04,0,1
BK-79603,campus,2026-04,0,0
BK-79808,classic10,2026-04,0,0
BK-80275,office,2026-04,1,1
BK-80320,classic10,2026-04,1,1
BK-81589,campus,2026-04,1,1
BK-81607,campus,2026-04,1,1
BK-81713,classic10,2026-04,0,0
BK-82341,classic10,2026-04,0,0
BK-82384,office,2026-04,1,1
BK-83562,classic10,2026-04,1,1
BK-83970,family,2026-04,1,0
BK-84989,starter5,2026-04,1,1
BK-85237,starter5,2026-04,0,1
BK-85378,athlete,2026-04,0,0
BK-85723,classic10,2026-04,1,1
BK-86129,family,2026-04,1,0
BK-86608,campus,2026-04,0,0
BK-88138,classic10,2026-04,1,1
BK-88406,athlete,2026-04,0,0
BK-88680,classic10,2026-04,1,1
BK-89278,starter5,2026-04,1,1
BK-89855,classic10,2026-04,1,1
BK-90455,classic10,2026-04,1,1
BK-90460,starter5,2026-04,1,0
BK-91235,athlete,2026-04,0,1
BK-91247,classic10,2026-04,0,1
BK-91299,classic10,2026-04,0,0
BK-91376,campus,2026-04,0,0
BK-91836,office,2026-04,1,1
BK-92333,classic10,2026-04,0,0
BK-92363,campus,2026-04,0,1
BK-92424,starter5,2026-04,0,0
BK-92856,starter5,2026-04,0,1
BK-92971,starter5,2026-04,0,1
BK-93076,athlete,2026-04,1,1
BK-93128,classic10,2026-04,1,1
BK-93282,starter5,2026-04,1,1
BK-93432,campus,2026-04,0,0
BK-93434,campus,2026-04,0,0
BK-93636,office,2026-04,1,0
BK-93660,starter5,2026-04,0,0
BK-94341,starter5,2026-04,1,1
BK-95239,starter5,2026-04,0,1
BK-95467,starter5,2026-04,0,0
BK-96063,classic10,2026-04,1,0
BK-96167,campus,2026-04,1,1
BK-96203,athlete,2026-04,1,1
BK-96347,athlete,2026-04,1,1
BK-96868,starter5,2026-04,1,1
BK-96934,starter5,2026-04,1,1
BK-97049,family,2026-04,1,1
BK-97130,starter5,2026-04,1,1
BK-97518,starter5,2026-04,1,0
BK-97616,family,2026-04,1,1
BK-98138,office,2026-04,1,1
BK-98634,starter5,2026-04,0,1
BK-98744,athlete,2026-04,1,1
BK-99249,office,2026-04,1,1
BK-99321,athlete,2026-04,0,0
BK-99830,office,2026-04,1,1
BK-99860,starter5,2026-04,1,1
BK-99913,office,2026-04,1,1
BK-10093,family,2026-05,1,1
BK-10328,office,2026-05,1,1
BK-10616,athlete,2026-05,0,0
BK-11046,classic10,2026-05,1,1
BK-11280,classic10,2026-05,1,1
BK-11414,family,2026-05,1,1
BK-11912,classic10,2026-05,1,1
BK-11988,campus,2026-05,0,0
BK-12036,classic10,2026-05,1,0
BK-12099,athlete,2026-05,1,1
BK-12320,family,2026-05,1,1
BK-12674,classic10,2026-05,0,1
BK-12738,classic10,2026-05,1,1
BK-13288,starter5,2026-05,0,0
BK-13405,athlete,2026-05,1,1
BK-14730,classic10,2026-05,1,1
BK-14952,starter5,2026-05,1,0
BK-15660,campus,2026-05,0,0
BK-15771,starter5,2026-05,1,1
BK-15942,classic10,2026-05,0,0
BK-16101,classic10,2026-05,0,1
BK-16318,classic10,2026-05,1,1
BK-16637,starter5,2026-05,1,1
BK-16682,campus,2026-05,0,0
BK-16752,family,2026-05,1,0
BK-17543,office,2026-05,1,1
BK-17996,classic10,2026-05,1,1
BK-18089,starter5,2026-05,0,1
BK-18366,athlete,2026-05,1,1
BK-19114,starter5,2026-05,1,1
BK-19474,family,2026-05,1,1
BK-19972,classic10,2026-05,0,1
BK-20060,campus,2026-05,0,0
BK-20393,starter5,2026-05,1,1
BK-20623,family,2026-05,1,1
BK-21693,classic10,2026-05,1,1
BK-21826,family,2026-05,1,1
BK-21847,starter5,2026-05,0,1
BK-22329,campus,2026-05,0,1
BK-22470,classic10,2026-05,0,1
BK-22667,athlete,2026-05,1,1
BK-22932,family,2026-05,1,0
BK-23161,starter5,2026-05,1,0
BK-23317,starter5,2026-05,0,0
BK-23534,starter5,2026-05,0,0
BK-23627,office,2026-05,1,1
BK-24217,campus,2026-05,0,1
BK-24689,campus,2026-05,1,1
BK-24967,family,2026-05,1,1
BK-25042,campus,2026-05,1,1
BK-25390,campus,2026-05,1,1
BK-26544,campus,2026-05,0,0
BK-26755,campus,2026-05,0,0
BK-26948,starter5,2026-05,0,0
BK-27185,office,2026-05,1,1
BK-27233,family,2026-05,1,1
BK-27454,family,2026-05,1,0
BK-27461,classic10,2026-05,1,0
BK-29331,athlete,2026-05,1,1
BK-29748,starter5,2026-05,1,1
BK-29948,office,2026-05,1,0
BK-30411,classic10,2026-05,1,1
BK-30643,starter5,2026-05,1,1
BK-30645,starter5,2026-05,0,1
BK-30853,campus,2026-05,1,1
BK-31358,starter5,2026-05,0,0
BK-32817,campus,2026-05,0,1
BK-32878,office,2026-05,1,1
BK-33099,starter5,2026-05,1,0
BK-33301,office,2026-05,1,1
BK-33455,starter5,2026-05,0,1
BK-34557,office,2026-05,1,1
BK-34791,starter5,2026-05,0,0
BK-34994,starter5,2026-05,0,0
BK-35123,starter5,2026-05,1,1
BK-35335,family,2026-05,1,1
BK-35426,starter5,2026-05,1,1
BK-35646,campus,2026-05,0,0
BK-36015,family,2026-05,1,1
BK-36034,starter5,2026-05,0,0
BK-36282,starter5,2026-05,0,1
BK-36636,starter5,2026-05,1,1
BK-36948,campus,2026-05,0,0
BK-36982,family,2026-05,1,1
BK-37428,office,2026-05,1,1
BK-37564,classic10,2026-05,0,0
BK-37870,starter5,2026-05,1,1
BK-38340,starter5,2026-05,0,0
BK-38390,starter5,2026-05,1,1
BK-38616,athlete,2026-05,1,1
BK-39047,starter5,2026-05,1,1
BK-39689,classic10,2026-05,0,0
BK-39981,starter5,2026-05,1,1
BK-41029,classic10,2026-05,1,1
BK-41182,starter5,2026-05,1,1
BK-41647,athlete,2026-05,1,1
BK-41794,office,2026-05,1,1
BK-41863,family,2026-05,1,0
BK-42394,family,2026-05,1,1
BK-42448,starter5,2026-05,1,1
BK-42611,starter5,2026-05,1,1
BK-43273,classic10,2026-05,1,1
BK-43518,starter5,2026-05,1,1
BK-43868,campus,2026-05,0,1
BK-44506,campus,2026-05,0,0
BK-44751,campus,2026-05,1,1
BK-44823,office,2026-05,1,1
BK-45124,starter5,2026-05,0,0
BK-45598,family,2026-05,1,1
BK-45752,starter5,2026-05,1,1
BK-45771,family,2026-05,1,1
BK-46276,family,2026-05,1,1
BK-48008,starter5,2026-05,1,1
BK-48050,office,2026-05,1,1
BK-49015,classic10,2026-05,1,0
BK-49508,athlete,2026-05,0,0
BK-49878,starter5,2026-05,0,1
BK-49896,starter5,2026-05,0,1
BK-49919,family,2026-05,1,1
BK-50109,campus,2026-05,1,1
BK-50470,starter5,2026-05,0,1
BK-50502,athlete,2026-05,0,0
BK-50751,office,2026-05,1,0
BK-50981,campus,2026-05,0,1
BK-51091,athlete,2026-05,1,1
BK-51207,athlete,2026-05,1,0
BK-51431,office,2026-05,1,1
BK-51857,starter5,2026-05,0,0
BK-51955,classic10,2026-05,1,1
BK-52041,athlete,2026-05,1,1
BK-52186,family,2026-05,1,1
BK-52403,family,2026-05,1,0
BK-52657,classic10,2026-05,0,0
BK-53260,office,2026-05,1,1
BK-53382,family,2026-05,1,0
BK-53759,office,2026-05,1,0
BK-54511,starter5,2026-05,1,1
BK-54667,classic10,2026-05,1,1
BK-55379,athlete,2026-05,1,0
BK-56282,starter5,2026-05,1,0
BK-56981,family,2026-05,1,1
BK-57486,family,2026-05,1,0
BK-57489,campus,2026-05,0,0
BK-57764,office,2026-05,1,0
BK-58167,classic10,2026-05,1,1
BK-58517,office,2026-05,0,1
BK-58519,starter5,2026-05,0,1
BK-58779,family,2026-05,1,0
BK-58991,athlete,2026-05,0,0
BK-59335,family,2026-05,1,1
BK-59648,classic10,2026-05,1,1
BK-59684,athlete,2026-05,0,0
BK-60445,office,2026-05,1,1
BK-60818,office,2026-05,1,1
BK-60926,athlete,2026-05,0,1
BK-61133,starter5,2026-05,1,1
BK-61350,classic10,2026-05,1,1
BK-61858,classic10,2026-05,1,1
BK-61867,classic10,2026-05,1,0
BK-62041,classic10,2026-05,1,1
BK-63067,classic10,2026-05,0,1
BK-63454,campus,2026-05,1,1
BK-63661,campus,2026-05,1,1
BK-63773,classic10,2026-05,1,0
BK-64078,athlete,2026-05,1,1
BK-64242,campus,2026-05,0,0
BK-64688,campus,2026-05,0,1
BK-65071,starter5,2026-05,0,1
BK-65578,starter5,2026-05,0,0
BK-65622,office,2026-05,1,1
BK-66119,office,2026-05,1,1
BK-66304,family,2026-05,1,1
BK-66394,family,2026-05,1,1
BK-66407,starter5,2026-05,1,0
BK-67266,campus,2026-05,0,0
BK-67563,athlete,2026-05,0,0
BK-67740,family,2026-05,1,1
BK-68064,campus,2026-05,0,0
BK-68354,campus,2026-05,0,0
BK-68485,family,2026-05,1,1
BK-68526,office,2026-05,1,1
BK-68639,office,2026-05,1,1
BK-68659,campus,2026-05,0,0
BK-68719,family,2026-05,0,1
BK-69428,office,2026-05,1,1
BK-69744,classic10,2026-05,1,1
BK-70447,family,2026-05,1,1
BK-70483,campus,2026-05,0,0
BK-70541,classic10,2026-05,1,1
BK-70603,office,2026-05,1,0
BK-71991,classic10,2026-05,1,1
BK-72244,campus,2026-05,1,0
BK-72495,family,2026-05,1,0
BK-73407,classic10,2026-05,1,0
BK-73475,starter5,2026-05,1,1
BK-73674,office,2026-05,1,1
BK-74145,starter5,2026-05,1,1
BK-74377,starter5,2026-05,0,0
BK-74796,starter5,2026-05,0,0
BK-74924,athlete,2026-05,1,1
BK-75129,starter5,2026-05,1,1
BK-75594,family,2026-05,1,0
BK-75611,starter5,2026-05,1,1
BK-76095,starter5,2026-05,1,1
BK-76979,classic10,2026-05,1,1
BK-77005,classic10,2026-05,1,1
BK-77018,classic10,2026-05,0,1
BK-77196,family,2026-05,1,0
BK-77631,campus,2026-05,1,1
BK-77653,family,2026-05,1,0
BK-77706,classic10,2026-05,1,1
BK-78204,family,2026-05,1,1
BK-78291,classic10,2026-05,1,1
BK-78359,office,2026-05,1,0
BK-78872,family,2026-05,1,1
BK-79375,starter5,2026-05,0,0
BK-79382,office,2026-05,1,1
BK-79766,classic10,2026-05,1,1
BK-79879,office,2026-05,1,1
BK-81876,classic10,2026-05,0,1
BK-81887,campus,2026-05,1,1
BK-82088,campus,2026-05,1,1
BK-82478,classic10,2026-05,1,1
BK-82685,classic10,2026-05,1,1
BK-83826,starter5,2026-05,0,1
BK-84472,classic10,2026-05,1,0
BK-84551,classic10,2026-05,1,0
BK-84709,family,2026-05,1,1
BK-85127,starter5,2026-05,1,0
BK-85470,family,2026-05,1,1
BK-85597,starter5,2026-05,1,1
BK-86963,office,2026-05,1,0
BK-87033,athlete,2026-05,1,1
BK-87114,athlete,2026-05,1,1
BK-87710,office,2026-05,1,1
BK-87768,campus,2026-05,0,0
BK-87787,family,2026-05,1,1
BK-88173,family,2026-05,1,0
BK-88790,classic10,2026-05,1,1
BK-88994,office,2026-05,1,1
BK-89705,family,2026-05,1,1
BK-90780,classic10,2026-05,1,1
BK-91378,campus,2026-05,0,1
BK-91384,starter5,2026-05,0,0
BK-91426,starter5,2026-05,0,0
BK-91480,starter5,2026-05,0,0
BK-91584,classic10,2026-05,1,1
BK-92076,classic10,2026-05,1,1
BK-92725,family,2026-05,1,1
BK-92876,family,2026-05,1,1
BK-92982,starter5,2026-05,1,0
BK-93209,starter5,2026-05,1,1
BK-94130,office,2026-05,1,1
BK-94138,office,2026-05,1,1
BK-94194,starter5,2026-05,1,1
BK-94411,family,2026-05,1,1
BK-94874,family,2026-05,1,1
BK-95306,starter5,2026-05,1,1
BK-95497,classic10,2026-05,1,0
BK-95757,office,2026-05,1,1
BK-95866,starter5,2026-05,1,1
BK-96229,starter5,2026-05,1,0
BK-96671,office,2026-05,1,1
BK-96993,starter5,2026-05,1,1
BK-97279,family,2026-05,1,1
BK-98090,athlete,2026-05,0,0
BK-98111,starter5,2026-05,1,1
BK-98375,starter5,2026-05,0,0
BK-98824,office,2026-05,1,1
BK-99738,campus,2026-05,0,0
BK-99776,campus,2026-05,1,1
BK-99859,office,2026-05,1,1
BK-10078,family,2026-06,1,0
BK-10207,starter5,2026-06,1,0
BK-10376,campus,2026-06,0,0
BK-10396,starter5,2026-06,1,0
BK-10526,office,2026-06,1,1
BK-10820,office,2026-06,1,1
BK-11522,classic10,2026-06,1,1
BK-11937,classic10,2026-06,0,0
BK-12130,classic10,2026-06,1,0
BK-12133,office,2026-06,1,1
BK-12182,office,2026-06,1,0
BK-12543,athlete,2026-06,1,1
BK-12809,classic10,2026-06,1,0
BK-14150,athlete,2026-06,1,1
BK-14455,campus,2026-06,0,1
BK-14982,starter5,2026-06,0,1
BK-16665,classic10,2026-06,1,1
BK-16723,campus,2026-06,0,0
BK-16775,athlete,2026-06,0,1
BK-16876,classic10,2026-06,0,1
BK-17651,campus,2026-06,0,1
BK-18218,campus,2026-06,1,1
BK-18434,office,2026-06,1,0
BK-19042,family,2026-06,1,1
BK-19189,athlete,2026-06,1,1
BK-19199,campus,2026-06,0,1
BK-20137,family,2026-06,1,1
BK-20480,campus,2026-06,0,1
BK-21147,campus,2026-06,0,0
BK-21241,classic10,2026-06,1,1
BK-21609,family,2026-06,1,0
BK-21663,campus,2026-06,0,0
BK-22312,starter5,2026-06,1,1
BK-22921,family,2026-06,1,1
BK-23014,office,2026-06,1,1
BK-23578,campus,2026-06,1,1
BK-24154,classic10,2026-06,1,1
BK-24270,campus,2026-06,1,0
BK-24545,campus,2026-06,0,1
BK-24685,office,2026-06,1,0
BK-25357,family,2026-06,1,0
BK-25694,family,2026-06,1,1
BK-26653,athlete,2026-06,1,1
BK-26685,classic10,2026-06,1,1
BK-27200,classic10,2026-06,1,0
BK-27579,campus,2026-06,0,1
BK-28219,starter5,2026-06,1,1
BK-28310,family,2026-06,1,0
BK-28368,starter5,2026-06,1,1
BK-28448,starter5,2026-06,1,0
BK-28576,family,2026-06,1,0
BK-28767,classic10,2026-06,0,1
BK-28795,office,2026-06,1,1
BK-30122,classic10,2026-06,0,0
BK-30226,family,2026-06,1,1
BK-30562,campus,2026-06,0,0
BK-30812,classic10,2026-06,1,1
BK-30908,family,2026-06,1,1
BK-30947,office,2026-06,1,1
BK-31052,campus,2026-06,0,1
BK-31968,classic10,2026-06,1,0
BK-32634,starter5,2026-06,1,0
BK-32822,classic10,2026-06,0,0
BK-32962,starter5,2026-06,1,1
BK-33053,family,2026-06,1,1
BK-33602,athlete,2026-06,0,1
BK-34879,classic10,2026-06,1,1
BK-35170,classic10,2026-06,1,1
BK-35848,athlete,2026-06,1,1
BK-36002,classic10,2026-06,1,1
BK-36123,classic10,2026-06,1,1
BK-36493,starter5,2026-06,0,1
BK-36499,classic10,2026-06,1,1
BK-37421,classic10,2026-06,1,1
BK-37450,classic10,2026-06,1,1
BK-38290,classic10,2026-06,0,1
BK-38722,athlete,2026-06,1,1
BK-38868,starter5,2026-06,0,0
BK-39010,family,2026-06,1,1
BK-39030,starter5,2026-06,1,1
BK-39091,classic10,2026-06,1,1
BK-39218,family,2026-06,1,1
BK-39411,classic10,2026-06,1,1
BK-39452,classic10,2026-06,1,0
BK-39487,family,2026-06,1,0
BK-39846,campus,2026-06,0,0
BK-40061,campus,2026-06,0,1
BK-40463,starter5,2026-06,0,1
BK-40584,office,2026-06,0,1
BK-40793,family,2026-06,1,1
BK-41215,athlete,2026-06,1,1
BK-41292,athlete,2026-06,1,1
BK-42112,campus,2026-06,0,1
BK-43697,athlete,2026-06,0,0
BK-43931,starter5,2026-06,1,0
BK-44141,family,2026-06,0,1
BK-44223,office,2026-06,0,0
BK-44898,classic10,2026-06,1,1
BK-45427,athlete,2026-06,1,1
BK-45817,campus,2026-06,0,0
BK-45939,starter5,2026-06,1,1
BK-46061,family,2026-06,1,1
BK-46126,office,2026-06,1,1
BK-46792,classic10,2026-06,0,0
BK-47247,starter5,2026-06,1,1
BK-47493,campus,2026-06,0,1
BK-47511,starter5,2026-06,0,0
BK-47955,classic10,2026-06,1,1
BK-48076,office,2026-06,1,1
BK-48078,campus,2026-06,0,0
BK-49268,athlete,2026-06,0,1
BK-49277,office,2026-06,1,1
BK-49941,classic10,2026-06,1,1
BK-50579,classic10,2026-06,0,0
BK-50867,starter5,2026-06,1,0
BK-50897,starter5,2026-06,0,1
BK-51000,family,2026-06,1,1
BK-51342,office,2026-06,1,0
BK-51507,starter5,2026-06,1,1
BK-51608,classic10,2026-06,1,1
BK-52702,office,2026-06,1,1
BK-54795,athlete,2026-06,1,1
BK-54965,family,2026-06,1,0
BK-55387,classic10,2026-06,1,0
BK-55390,athlete,2026-06,0,1
BK-56190,starter5,2026-06,1,0
BK-57130,office,2026-06,1,1
BK-58667,office,2026-06,1,1
BK-59231,family,2026-06,1,1
BK-59831,family,2026-06,1,1
BK-60391,athlete,2026-06,1,1
BK-61006,athlete,2026-06,1,1
BK-61234,campus,2026-06,0,1
BK-61657,starter5,2026-06,1,1
BK-61672,classic10,2026-06,1,1
BK-61713,classic10,2026-06,0,0
BK-61782,office,2026-06,1,1
BK-62316,family,2026-06,1,0
BK-62382,starter5,2026-06,1,1
BK-62445,family,2026-06,1,1
BK-62561,athlete,2026-06,0,0
BK-62582,family,2026-06,1,1
BK-62657,family,2026-06,1,1
BK-63057,classic10,2026-06,1,1
BK-63282,starter5,2026-06,1,1
BK-63396,office,2026-06,1,1
BK-63434,starter5,2026-06,1,1
BK-63637,campus,2026-06,1,1
BK-64002,office,2026-06,1,1
BK-64123,family,2026-06,1,1
BK-64376,office,2026-06,0,1
BK-64495,classic10,2026-06,0,0
BK-65173,athlete,2026-06,1,1
BK-65208,starter5,2026-06,1,1
BK-65298,athlete,2026-06,1,0
BK-66395,classic10,2026-06,1,1
BK-66526,starter5,2026-06,0,0
BK-67218,starter5,2026-06,0,0
BK-67255,classic10,2026-06,1,1
BK-67469,athlete,2026-06,0,1
BK-67617,office,2026-06,1,1
BK-67825,office,2026-06,1,1
BK-67869,campus,2026-06,0,0
BK-68025,athlete,2026-06,0,0
BK-68145,office,2026-06,1,0
BK-68252,starter5,2026-06,1,1
BK-68794,starter5,2026-06,1,1
BK-69391,starter5,2026-06,0,1
BK-69690,office,2026-06,1,1
BK-70053,family,2026-06,1,0
BK-70302,campus,2026-06,1,0
BK-70696,campus,2026-06,0,1
BK-71342,office,2026-06,0,1
BK-71344,classic10,2026-06,1,1
BK-72258,starter5,2026-06,1,1
BK-72429,classic10,2026-06,1,0
BK-72623,starter5,2026-06,1,1
BK-72770,starter5,2026-06,1,1
BK-72837,office,2026-06,1,1
BK-73196,classic10,2026-06,0,1
BK-73368,family,2026-06,1,1
BK-73687,starter5,2026-06,1,0
BK-73886,athlete,2026-06,0,1
BK-74117,campus,2026-06,1,1
BK-74627,family,2026-06,0,0
BK-75173,classic10,2026-06,0,1
BK-75721,starter5,2026-06,1,1
BK-76032,starter5,2026-06,1,1
BK-76147,family,2026-06,1,1
BK-76358,campus,2026-06,1,0
BK-76716,classic10,2026-06,0,1
BK-77173,campus,2026-06,0,1
BK-77784,athlete,2026-06,1,1
BK-77878,athlete,2026-06,1,1
BK-78478,office,2026-06,1,1
BK-79503,classic10,2026-06,1,1
BK-79792,campus,2026-06,0,0
BK-80414,athlete,2026-06,0,1
BK-80937,family,2026-06,0,0
BK-81547,starter5,2026-06,0,1
BK-82011,family,2026-06,1,1
BK-82208,office,2026-06,0,1
BK-82228,starter5,2026-06,1,1
BK-82295,athlete,2026-06,0,1
BK-82474,starter5,2026-06,0,0
BK-82579,starter5,2026-06,0,1
BK-82729,athlete,2026-06,1,1
BK-82911,athlete,2026-06,0,0
BK-84083,classic10,2026-06,1,1
BK-84389,starter5,2026-06,1,1
BK-84753,classic10,2026-06,1,1
BK-85026,starter5,2026-06,1,1
BK-85432,classic10,2026-06,1,1
BK-85571,family,2026-06,1,0
BK-85708,athlete,2026-06,1,0
BK-86178,classic10,2026-06,0,0
BK-87328,starter5,2026-06,0,0
BK-87973,starter5,2026-06,1,1
BK-88048,athlete,2026-06,1,1
BK-88316,starter5,2026-06,1,1
BK-88845,campus,2026-06,0,0
BK-90164,campus,2026-06,0,0
BK-90373,classic10,2026-06,0,1
BK-90683,campus,2026-06,0,0
BK-91035,classic10,2026-06,1,1
BK-91162,campus,2026-06,0,0
BK-91267,athlete,2026-06,1,1
BK-91660,athlete,2026-06,1,1
BK-91684,starter5,2026-06,1,0
BK-92059,campus,2026-06,0,0
BK-92430,starter5,2026-06,1,0
BK-92655,classic10,2026-06,1,1
BK-92735,starter5,2026-06,1,0
BK-92871,classic10,2026-06,0,1
BK-93625,athlete,2026-06,1,1
BK-94920,family,2026-06,1,0
BK-95361,classic10,2026-06,0,1
BK-95422,campus,2026-06,0,0
BK-95542,family,2026-06,1,1
BK-95718,classic10,2026-06,1,1
BK-95967,campus,2026-06,0,1
BK-96155,starter5,2026-06,0,1
BK-96576,campus,2026-06,1,0
BK-96606,classic10,2026-06,1,1
BK-96948,campus,2026-06,0,0
BK-97019,classic10,2026-06,1,1
BK-97223,office,2026-06,1,1
BK-97466,starter5,2026-06,0,0
BK-97689,family,2026-06,1,1
BK-97932,starter5,2026-06,0,1
BK-98186,classic10,2026-06,1,1
BK-99313,office,2026-06,0,1
BK-99640,classic10,2026-06,0,0
BK-99924,athlete,2026-06,1,1
